{
    "web": {
        "client_id": "xxx",
        "project_id": "restaurantmenu-248305",
        "auth_uri": "https://accounts.google.com/o/oauth2/auth",
        "token_uri": "https://oauth2.googleapis.com/token",
        "auth_provider_x509_cert_url": "https://www.googleapis.com/oauth2/v1/certs",
        "client_secret": "xxx",
        "redirect_uris": [
            "http://localhost:5000/login",
            "http://localhost:5000/gconnect",
            "http://localhost:5000/categories"
        ],
        "javascript_origins": [
            "http://localhost:5000"
        ]
    }
}